,unable_to_download_ticker
0,KRKR
1,KRMD
2,KRNL
3,KRNLU
4,KRNLW
5,KRNT
6,KRNY
7,KRON
8,KROS
9,KRT
10,KRTX
11,KRUS
12,KRYS
13,KSI
14,KSICU
15,KSICW
16,KSMT
17,KSMTU
18,KSMTW
19,KSPN
20,KTCC
21,KTOS
22,KTRA
23,KURA
24,KURI
25,KURIU
26,KURIW
27,KVHI
28,KVSA
29,KVSB
30,KVSC
31,KXIN
32,KYMR
33,KZIA
34,KZR
35,LABP
36,LAKE
37,LAMR
38,LANC
39,LAND
40,LANDM
41,LANDO
42,LARK
43,LASR
44,LATN
45,LATNW
46,LAUR
47,LAWS
48,LAZR
49,LAZY
50,LBAI
51,LBC
52,LBPH
53,LBPS
54,LBPSW
55,LBRDA
56,LBRDK
57,LBRDP
58,LBTYA
59,LBTYB
60,LBTYK
61,LCA
62,LCAA
63,LCAAU
64,LCAAW
65,LCAHU
66,LCAHW
67,LCAP
68,LCAPU
69,LCAPW
70,LCNB
71,LCUT
72,LCY
73,LCYAU
74,LCYAW
75,LDHA
76,LDHAU
77,LDHAW
78,LE
79,LECO
80,LEDS
81,LEE
82,LEGA
83,LEGAU
84,LEGH
85,LEGN
86,LEGO
87,LEGOU
88,LEGOW
89,LESL
90,LEVL
91,LEVLP
92,LEXX
93,LEXXW
94,LFMD
95,LFTR
96,LFTRU
97,LFTRW
98,LFUS
99,LFVN
100,LGAC
101,LGACU
102,LGACW
103,LGHL
104,LGHLW
105,LGIH
106,LGND
107,LGO
108,LGVN
109,LHAA
110,LHCG
111,LHDX
112,LI
113,LIFE
114,LILA
115,LILAK
116,LINC
117,LIND
118,LINK
119,LIQT
120,LITE
121,LIVE
122,LIVK
123,LIVKU
124,LIVKW
125,LIVN
126,LIVX
127,LIXT
128,LIXTW
129,LIZI
130,LJAQU
131,LJAQW
132,LJPC
133,LKCO
134,LKFN
135,LKQ
136,LLNW
137,LMACA
138,LMACU
139,LMACW
140,LMAO
141,LMAOU
142,LMAOW
143,LMAT
144,LMB
145,LMFA
146,LMNL
147,LMNR
148,LMNX
149,LMPX
150,LMRK
151,LMRKN
152,LMRKO
153,LMRKP
154,LMST
155,LNDC
156,LNSR
157,LNT
158,LNTH
159,LOAN
160,LOB
161,LOCO
162,LOGC
163,LOGI
164,LOOP
165,LOPE
166,LORL
167,LOTZ
168,LOTZW
169,LOVE
170,LPCN
171,LPLA
172,LPRO
173,LPSN
174,LPTH
175,LPTX
176,LQDA
177,LQDT
178,LRCX
179,LRMR
180,LSAQ
181,LSBK
182,LSCC
183,LSEA
184,LSEAW
185,LSTR
186,LSXMA
187,LSXMB
188,LSXMK
189,LTBR
190,LTRN
191,LTRPA
192,LTRPB
193,LTRX
194,LULU
195,LUMO
196,LUNA
197,LUNG
198,LUXA
199,LUXAU
200,LUXAW
201,LVRA
202,LVRAU
203,LVRAW
204,LVTX
205,LWAC
206,LWACU
207,LWACW
208,LWAY
209,LX
210,LXEH
211,LXRX
212,LYFT
213,LYL
214,LYRA
215,LYTS
216,MAAC
217,MAACU
218,MAACW
219,MACA
220,MACAU
221,MACAW
222,MACK
223,MACQ
224,MACQU
225,MACQW
226,MACU
227,MACUW
228,MAGS
229,MANH
230,MANT
231,MAQCU
232,MAR
233,MARA
234,MARK
235,MARPS
236,MASI
237,MASS
238,MAT
239,MATW
240,MAXN
241,MAYS
242,MBCN
243,MBII
244,MBIN
245,MBINN
246,MBINO
247,MBINP
248,MBIO
249,MBNKP
250,MBOT
251,MBRX
252,MBTC
253,MBTCR
254,MBTCU
255,MBUU
256,MBWM
257,MCAD
258,MCADR
259,MCADU
260,MCAEU
261,MCBC
262,MCBS
263,MCFE
264,MCFT
265,MCHP
266,MCHX
267,MCMJ
268,MCMJW
269,MCRB
270,MCRI
271,MDB
272,MDCA
273,MDGL
274,MDGS
275,MDGSW
276,MDIA
277,MDJH
278,MDLZ
279,MDNA
280,MDRR
281,MDRRP
282,MDRX
283,MDVL
284,MDWD
285,MDWT
286,MDXG
287,MEDP
288,MEDS
289,MEIP
290,MELI
291,MEOH
292,MERC
293,MESA
294,MESO
295,METC
296,METX
297,METXW
298,MFH
299,MFIN
300,MFNC
301,MGEE
302,MGI
303,MGIC
304,MGLN
305,MGNI
306,MGNX
307,MGPI
308,MGRC
309,MGTA
310,MGTX
311,MGYR
312,MHLD
313,MICT
314,MIDD
315,MILE
316,MILEW
317,MIME
318,MIND
319,MINDP
320,MIRM
321,MIST
322,MITC
323,MITK
324,MITO
325,MKD
326,MKGI
327,MKSI
328,MKTX
329,MKTY
330,MLAB
331,MLAC
332,MLACU
333,MLACW
334,MLCO
335,MLHR
336,MLND
337,MLVF
338,MMAC
339,MMLP
340,MMSI
341,MMYT
342,MNDO
343,MNKD
344,MNMD
345,MNOV
346,MNPR
347,MNRO
348,MNSB
349,MNSBP
350,MNST
351,MNTK
352,MNTX
353,MODV
354,MOFG
355,MOGO
356,MOHO
357,MOMO
358,MON
359,MONCU
360,MONCW
361,MOR
362,MORF
363,MORN
364,MOSY
365,MOTN
366,MOTNW
367,MOTS
368,MOVE
369,MOXC
370,MPAA
371,MPACU
372,MPB
373,MPWR
374,MRAC
375,MRACU
376,MRACW
377,MRAM
378,MRBK
379,MRCC
380,MRCY
381,MREO
382,MRIN
383,MRKR
384,MRLN
385,MRM
386,MRNA
387,MRNS
388,MRSN
389,MRTN
390,MRTX
391,MRUS
392,MRVI
393,MRVL
394,MSAC
395,MSACW
396,MSBI
397,MSDA
398,MSDAU
399,MSDAW
400,MSEX
401,MSFT
402,MSGM
403,MSON
404,MSTR
405,MSVB
406,MTAC
407,MTACU
408,MTACW
409,MTBC
410,MTBCP
411,MTC
412,MTCH
413,MTCR
414,MTEM
415,MTEX
416,MTLS
417,MTP
418,MTRX
419,MTSI
420,MTSL
421,MU
422,MUDS
423,MUDSU
424,MUDSW
425,MVBF
426,MVIS
427,MXIM
428,MYFW
429,MYGN
430,MYMD
431,MYRG
432,MYSZ
433,MYT
434,NAAC
435,NAACU
436,NAACW
437,NAII
438,NAKD
439,NAOV
440,NARI
441,NATH
442,NATI
443,NATR
444,NAVI
445,NBEV
446,NBIX
447,NBN
448,NBRV
449,NBSE
450,NBST
451,NBSTU
452,NBSTW
453,NBTB
454,NBTX
455,NCBS
456,NCMI
457,NCNA
458,NCNO
459,NCSM
460,NCTY
461,NDAC
462,NDACU
463,NDACW
464,NDAQ
465,NDLS
466,NDRA
467,NDRAW
468,NDSN
469,NEBC
470,NEBCU
471,NEBCW
472,NEGG
473,NEO
474,NEOG
475,NEON
476,NEPH
477,NEPT
478,NERV
479,NESR
480,NESRW
481,NETE
482,NEWA
483,NEWT
484,NEWTL
485,NEWTZ
486,NEXI
487,NEXT
488,NFBK
489,NFE
490,NFLX
491,NGAC
492,NGACU
493,NGACW
494,NGCA
495,NGCAU
496,NGCAW
497,NGM
498,NGMS
499,NH
500,NHIC
501,NHICU
502,NHICW
503,NHTC
504,NICE
505,NICK
506,NISN
507,NIU
508,NKLA
509,NKSH
510,NKTR
511,NKTX
512,NLOK
513,NLSP
514,NLSPW
515,NLTX
516,NMFC
517,NMIH
518,NMMC
519,NMMCU
520,NMMCW
521,NMRD
522,NMRK
523,NMTC
524,NMTR
525,NNBR
526,NNDM
527,NNOX
528,NOAC
529,NOACU
530,NOACW
531,NODK
532,NOTV
533,NOVN
534,NOVT
535,NPCE
536,NRAC
537,NRACU
538,NRACW
539,NRBO
540,NRC
541,NRIM
542,NRIX
543,NRXP
544,NRXPW
545,NSEC
546,NSIT
547,NSPR
548,NSSC
549,NSTG
550,NSYS
551,NTAP
552,NTCT
553,NTEC
554,NTES
555,NTGR
556,NTIC
557,NTLA
558,NTNX
559,NTRA
560,NTRS
561,NTRSO
562,NTUS
563,NTWK
564,NUAN
565,NURO
566,NUVA
567,NUWE
568,NUZE
569,NVAX
570,NVCN
571,NVCR
572,NVDA
573,NVEC
574,NVEE
575,NVFY
576,NVIV
577,NVMI
578,NVOS
579,NVSA
580,NVSAU
581,NVSAW
582,NVVE
583,NVVEW
584,NWBI
585,NWE
586,NWFL
587,NWL
588,NWLI
589,NWPX
590,NWS
591,NWSA
592,NXGN
593,NXPI
594,NXST
595,NXTC
596,NXTD
597,NYMT
598,NYMTM
599,NYMTN
600,NYMTO
601,NYMTP
602,NYMX
603,OAS
604,OBAS
605,OBCI
606,OBLG
607,OBLN
608,OBNK
609,OBSV
610,OCAX
611,OCAXU
612,OCAXW
613,OCC
614,OCCI
615,OCCIO
616,OCCIP
617,OCDX
618,OCFC
619,OCFCP
620,OCG
621,OCGN
622,OCSL
623,OCUL
624,OCUP
625,OCX
626,ODFL
627,ODP
628,ODT
629,OEG
630,OEPW
631,OEPWU
632,OEPWW
633,OESX
634,OFED
635,OFIX
636,OFLX
637,OFS
638,OFSSG
639,OFSSI
640,OGI
641,OHPA
642,OHPAU
643,OIIM
644,OKTA
645,OLB
646,OLED
647,OLK
648,OLLI
649,OLMA
650,OM
651,OMAB
652,OMCL
653,OMEG
654,OMER
655,OMEX
656,OMIC
657,OMP
658,ON
659,ONB
660,ONCR
661,ONCS
662,ONCT
663,ONCY
664,ONDS
665,ONEM
666,ONEW
667,ONTX
668,ONTXW
669,ONVO
670,OPBK
671,OPCH
672,OPEN
673,OPENW
674,OPGN
675,OPHC
676,OPI
677,OPINI
678,OPINL
679,OPK
680,OPNT
681,OPOF
682,OPRA
683,OPRT
684,OPRX
685,OPT
686,OPTN
687,OPTT
688,ORBC
689,ORGO
690,ORGS
691,ORIAU
692,ORIC
693,ORLY
694,ORMP
695,ORPH
696,ORRF
697,ORTX
698,OSAT
699,OSATW
700,OSBC
701,OSIS
702,OSMT
703,OSN
704,OSPN
705,OSS
706,OSTK
707,OSTR
708,OSTRU
709,OSTRW
710,OSUR
711,OSW
712,OTECU
713,OTEX
714,OTIC
715,OTLK
716,OTLKW
717,OTLY
718,OTRA
719,OTRAU
720,OTRAW
721,OTRK
722,OTRKP
723,OTTR
724,OVBC
725,OVID
726,OVLY
727,OXBR
728,OXBRW
729,OXLC
730,OXLCL
731,OXLCM
732,OXLCP
733,OXSQ
734,OXSQG
735,OXSQL
736,OXSQZ
737,OYST
738,OZK
739,OZON
740,PAA
741,PAAS
742,PACB
743,PACW
744,PACX
745,PACXU
746,PACXW
747,PAE
748,PAEWW
749,PAGP
750,PAHC
751,PAIC
752,PAICW
753,PALI
754,PANA
755,PANL
756,PAQC
757,PAQCU
758,PAQCW
759,PASG
760,PATI
761,PATK
762,PAVM
763,PAVMW
764,PAVMZ
765,PAX
766,PAYA
767,PAYAW
768,PAYS
769,PAYX
770,PBCT
771,PBCTP
772,PBFS
773,PBHC
774,PBIP
775,PBLA
776,PBPB
777,PBTS
778,PBYI
779,PCAR
780,PCB
781,PCH
782,PCOM
783,PCRX
784,PCSA
785,PCSB
786,PCT
787,PCTI
788,PCTTU
789,PCTTW
790,PCTY
791,PCVX
792,PCYG
793,PCYO
794,PDCE
795,PDCO
796,PDD
797,PDEX
798,PDFS
799,PDLB
800,PDSB
801,PEBK
802,PEBO
803,PEGA
804,PENN
805,PEP
806,PERI
807,PESI
808,PETQ
809,PETS
810,PETZ
811,PFBC
812,PFBI
813,PFC
814,PFDR
815,PFDRU
816,PFDRW
817,PFG
818,PFHD
819,PFIE
820,PFIN
821,PFIS
822,PFLT
823,PFMT
824,PFPT
825,PFSW
826,PFX
827,PFXNL
828,PGC
829,PGEN
830,PGNY
831,PGRWU
832,PGRWW
833,PHAR
834,PHAS
835,PHAT
836,PHCF
837,PHIC
838,PHICW
839,PHIO
840,PHIOW
841,PHUN
842,PHUNW
843,PHVS
844,PI
845,PINC
846,PIRS
847,PIXY
848,PKBK
849,PKOH
850,PLAB
851,PLAY
852,PLBC
853,PLBY
854,PLCE
855,PLIN
856,PLL
857,PLMI
858,PLMIU
859,PLMIW
860,PLMR
861,PLPC
862,PLRX
863,PLSE
864,PLTK
865,PLUG
866,PLUS
867,PLXP
868,PLXS
869,PLYA
870,PMBC
871,PMD
872,PME
873,PMGM
874,PMGMU
875,PMVP
876,PNBK
877,PNFP
878,PNFPP
879,PNNT
880,PNNTG
881,PNRG
882,PNTG
883,POAI
884,PODD
885,POLA
886,POOL
887,POSH
888,POW
889,POWI
890,POWL
891,POWRU
892,POWRW
893,POWW
894,POWWP
895,PPBI
896,PPBT
897,PPC
898,PPD
899,PPGH
900,PPGHU
901,PPGHW
902,PPIH
903,PPSI
904,PPTA
905,PRAA
906,PRAH
907,PRAX
908,PRCH
909,PRDO
910,PRFT
911,PRFX
912,PRGS
913,PRIM
914,PRLD
915,PROF
916,PROG
917,PROV
918,PRPH
919,PRPL
920,PRPO
921,PRQR
922,PRSR
923,PRSRU
924,PRSRW
925,PRTA
926,PRTC
927,PRTG
928,PRTH
929,PRTK
930,PRTS
931,PRVA
932,PRVB
933,PSAC
934,PSACU
935,PSACW
936,PSAG
937,PSAGU
938,PSAGW
939,PSEC
940,PSHG
941,PSMT
942,PSNL
943,PSTI
944,PSTV
945,PSTX
946,PT
947,PTC
948,PTCT
949,PTE
950,PTEN
951,PTGX
952,PTIC
953,PTICU
954,PTIX
955,PTIXW
956,PTMN
957,PTNR
958,PTOC
959,PTOCW
960,PTON
961,PTPI
962,PTRS
963,PTSI
964,PTVE
965,PUBM
966,PUCK
967,PUCKU
968,PUCKW
969,PULM
970,PUYI
971,PVAC
972,PVBC
973,PWFL
974,PWOD
975,PXLW
976,PXS
977,PXSAP
978,PXSAW
979,PYPD
980,PYPL
981,PYR
982,PZZA
983,QADA
984,QADB
985,QCOM
986,QCRH
987,QDEL
988,QELL
989,QELLU
990,QELLW
991,QFIN
992,QH
993,QIPT
994,QIWI
995,QK
996,QLGN
997,QLI
998,QLYS
999,QMCO
1000,QNST
1001,QQQX
1002,QRHC
1003,QRTEA
1004,QRTEB
1005,QRTEP
1006,QRVO
1007,QTNT
1008,QTRX
1009,QTT
1010,QUIK
1011,QUMU
1012,QURE
1013,RAAC
1014,RAACU
1015,RAACW
1016,RACA
1017,RACB
1018,RADA
1019,RADI
1020,RAIL
1021,RAIN
1022,RAMMU
1023,RAND
1024,RAPT
1025,RARE
1026,RAVE
1027,RAVN
1028,RBB
1029,RBBN
1030,RBCAA
1031,RBCN
1032,RBKB
1033,RBNC
1034,RCAT
1035,RCEL
1036,RCHG
1037,RCHGU
1038,RCHGW
1039,RCII
1040,RCKT
1041,RCKY
1042,RCLF
1043,RCLFU
1044,RCLFW
1045,RCM
1046,RCMT
1047,RCON
1048,RDCM
1049,RDFN
1050,RDHL
1051,RDI
1052,RDIB
1053,RDNT
1054,RDUS
1055,RDVT
1056,RDWR
1057,REAL
1058,REDU
1059,REED
1060,REFR
1061,REG
1062,REGI
1063,REGN
1064,REKR
1065,RELI
1066,RELIW
1067,RELL
1068,REPH
1069,REPL
1070,RESN
1071,RETA
1072,RETO
1073,REVH
1074,REVHU
1075,REVHW
1076,REYN
1077,RFIL
1078,RGCO
1079,RGEN
1080,RGLD
1081,RGLS
1082,RGNX
1083,RGP
1084,RIBT
1085,RICK
1086,RIDE
1087,RIGL
1088,RILY
1089,RILYG
1090,RILYH
1091,RILYI
1092,RILYK
1093,RILYL
1094,RILYM
1095,RILYN
1096,RILYO
1097,RILYP
1098,RILYT
1099,RIOT
1100,RIVE
1101,RKDA
1102,RLAY
1103,RLMD
1104,RMBI
1105,RMBL
1106,RMBS
1107,RMCF
1108,RMGB
1109,RMGBU
1110,RMGBW
1111,RMGC
1112,RMGCU
1113,RMGCW
1114,RMNI
1115,RMR
1116,RMRM
1117,RMTI
1118,RNA
1119,RNDB
1120,RNLX
1121,RNST
1122,RNWK
1123,ROAD
1124,ROCC
1125,ROCCU
1126,ROCCW
1127,ROCK
1128,ROCR
1129,ROCRU
1130,ROCRW
1131,ROIC
1132,ROKU
1133,ROLL
1134,ROOT
1135,ROST
1136,RPAY
1137,RPD
1138,RPHM
1139,RPRX
1140,RPTX
1141,RRBI
1142,RRGB
1143,RRR
1144,RSSS
1145,RSVA
1146,RSVAU
1147,RSVAW
1148,RTLR
1149,RTPY
1150,RTPYU
1151,RTPYW
1152,RUBY
1153,RUN
1154,RUSHA
1155,RUSHB
1156,RUTH
1157,RVMD
1158,RVNC
1159,RVPH
1160,RVPHW
1161,RVSB
1162,RWLK
1163,RXDX
1164,RXRA
1165,RXRAU
1166,RXRAW
1167,RXRX
1168,RXT
1169,RYAAY
1170,RYTM
1171,RZLT
1172,SABR
1173,SABRP
1174,SAFM
1175,SAFT
1176,SAGE
1177,SAIA
1178,SAII
1179,SAIIU
1180,SAIIW
1181,SAL
1182,SALM
1183,SAMG
1184,SANA
1185,SANM
1186,SANW
1187,SASR
1188,SATS
1189,SAVA
1190,SBAC
1191,SBBP
1192,SBCF
1193,SBEA
1194,SBEAU
1195,SBEAW
1196,SBFG
1197,SBGI
1198,SBLK
1199,SBLKZ
1200,SBNY
1201,SBNYP
1202,SBRA
1203,SBSI
1204,SBT
1205,SBTX
1206,SBUX
1207,SCAQ
1208,SCAQU
1209,SCAQW
1210,SCHL
1211,SCHN
1212,SCKT
1213,SCLE
1214,SCLEU
1215,SCLEW
1216,SCOA
1217,SCOAU
1218,SCOAW
1219,SCOB
1220,SCOBU
1221,SCOBW
1222,SCOR
1223,SCPH
1224,SCPL
1225,SCPS
1226,SCR
1227,SCSC
1228,SCVL
1229,SCWX
1230,SCYX
1231,SDAC
1232,SDACU
1233,SDACW
1234,SDC
1235,SDGR
1236,SDH
1237,SEAC
1238,SECO
1239,SEDG
1240,SEED
1241,SEEL
1242,SEER
1243,SEIC
1244,SELB
1245,SELF
1246,SENEA
1247,SENEB
1248,SESN
1249,SFBC
1250,SFBS
1251,SFET
1252,SFIX
1253,SFM
1254,SFNC
1255,SFST
1256,SFT
1257,SGA
1258,SGAM
1259,SGAMU
1260,SGAMW
1261,SGBX
1262,SGC
1263,SGEN
1264,SGH
1265,SGLB
1266,SGLBW
1267,SGMA
1268,SGMO
1269,SGMS
1270,SGOC
1271,SGRP
1272,SGRY
1273,SGTX
1274,SHAC
1275,SHACU
1276,SHACW
1277,SHBI
1278,SHC
1279,SHEN
1280,SHIP
1281,SHIPW
1282,SHIPZ
1283,SHLS
1284,SHOO
1285,SHSP
1286,SHYF
1287,SIBN
1288,SIC
1289,SIEB
1290,SIEN
1291,SIFY
1292,SIGA
1293,SIGI
1294,SIGIP
1295,SILC
1296,SILK
1297,SIMO
1298,SINO
1299,SINT
1300,SIOX
1301,SIRI
1302,SITM
1303,SIVB
1304,SIVBP
1305,SJ
1306,SKIN
1307,SKINW
1308,SKYAU
1309,SKYT
1310,SKYW
1311,SLAB
1312,SLAM
1313,SLAMU
1314,SLAMW
1315,SLCR
1316,SLCRU
1317,SLCRW
1318,SLCT
1319,SLDB
1320,SLGG
1321,SLGL
1322,SLGN
1323,SLM
1324,SLMBP
1325,SLN
1326,SLNG
1327,SLNO
1328,SLP
1329,SLRC
1330,SLRX
1331,SLS
1332,SMBC
1333,SMBK
1334,SMCI
1335,SMED
1336,SMID
1337,SMIT
1338,SMMF
1339,SMMT
1340,SMPL
1341,SMSI
1342,SMTC
1343,SMTI
1344,SNBR
1345,SNCR
1346,SNCY
1347,SND
1348,SNDL
1349,SNDX
1350,SNES
1351,SNEX
1352,SNFCA
1353,SNGX
1354,SNGXW
1355,SNOA
1356,SNPS
1357,SNRH
1358,SNRHU
1359,SNRHW
1360,SNSE
1361,SNY
1362,SOFI
1363,SOFIW
1364,SOHO
1365,SOHOB
1366,SOHON
1367,SOHOO
1368,SOHU
1369,SOLO
1370,SOLOW
1371,SOLY
1372,SONM
1373,SONN
1374,SONO
1375,SP
1376,SPCB
1377,SPFI
1378,SPI
1379,SPKB
1380,SPKBU
1381,SPKBW
1382,SPKE
1383,SPKEP
1384,SPLK
1385,SPNE
1386,SPNS
1387,SPOK
1388,SPPI
1389,SPRB
1390,SPRO
1391,SPRT
1392,SPSC
1393,SPT
1394,SPTK
1395,SPTKU
1396,SPTKW
1397,SPTN
1398,SPWH
1399,SPWR
1400,SQBG
1401,SQFT
1402,SRAC
1403,SRACU
1404,SRACW
1405,SRAX
1406,SRCE
1407,SRCL
1408,SRDX
1409,SREV
1410,SRGA
1411,SRNE
1412,SRNG
1413,SRNGU
1414,SRNGW
1415,SRPT
1416,SRRA
1417,SRRK
1418,SRSA
1419,SRSAU
1420,SRSAW
1421,SRTS
1422,SSAA
1423,SSAAU
1424,SSAAW
1425,SSB
1426,SSBI
1427,SSKN
1428,SSNC
1429,SSNT
1430,SSP
1431,SSPK
1432,SSPKU
1433,SSPKW
1434,SSRM
1435,SSSS
1436,SSTI
1437,SSYS
1438,STAA
1439,STAF
1440,STAY
1441,STBA
1442,STCN
1443,STEP
1444,STFC
1445,STIM
1446,STKL
1447,STKS
1448,STLD
1449,STMP
1450,STNE
1451,STOK
1452,STRA
1453,STRL
1454,STRM
1455,STRO
1456,STRR
1457,STRRP
1458,STRS
1459,STRT
1460,STSA
1461,STTK
1462,STWO
1463,STWOU
1464,STWOW
1465,STX
1466,STXB
1467,SUMO
1468,SUMR
1469,SUNS
1470,SUNW
1471,SUPN
1472,SURF
1473,SV
1474,SVAC
1475,SVACU
1476,SVACW
1477,SVBI
1478,SVC
1479,SVFA
1480,SVFAU
1481,SVFAW
1482,SVFB
1483,SVFC
1484,SVFD
1485,SVMK
1486,SVOK
1487,SVOKU
1488,SVOKW
1489,SVRA
1490,SVSVU
1491,SVSVW
1492,SVVC
1493,SWAV
1494,SWBI
1495,SWET
1496,SWETU
1497,SWETW
1498,SWIM
1499,SWIR
1500,SWKH
1501,SWKS
1502,SWTX
1503,SXTC
1504,SY
1505,SYBT
1506,SYBX
1507,SYKE
1508,SYNA
1509,SYNH
1510,SYNL
1511,SYPR
1512,SYRS
1513,SYTA
1514,SYTAW
1515,TA
1516,TACO
1517,TACT
1518,TAIT
1519,TALS
1520,TANH
1521,TANNI
1522,TANNL
1523,TANNZ
1524,TAOP
1525,TARA
1526,TARS
1527,TAST
1528,TATT
1529,TAYD
1530,TBBK
1531,TBCP
1532,TBCPU
1533,TBCPW
1534,TBIO
1535,TBK
1536,TBKCP
1537,TBLT
1538,TBLTW
1539,TBNK
1540,TBPH
1541,TBSAU
1542,TC
1543,TCAC
1544,TCACU
1545,TCACW
1546,TCBI
1547,TCBIL
1548,TCBIO
1549,TCBIP
1550,TCBK
1551,TCDA
1552,TCF
1553,TCFC
1554,TCFCP
1555,TCMD
1556,TCOM
1557,TCON
1558,TCPC
1559,TCRR
1560,TCVA
1561,TCX
1562,TDAC
1563,TDACU
1564,TDACW
1565,TDUP
1566,TEAM
1567,TECH
1568,TECTP
1569,TEDU
1570,TEKK
1571,TEKKU
1572,TEKKW
1573,TELA
1574,TELL
1575,TENB
1576,TENX
1577,TER
1578,TERN
1579,TESS
1580,TETC
1581,TETCU
1582,TETCW
1583,TFFP
1584,TFSL
1585,TGA
1586,TGLS
1587,TGTX
1588,TH
1589,THBR
1590,THBRU
1591,THBRW
1592,THCA
1593,THCAW
1594,THCB
1595,THCBU
1596,THCBW
1597,THFF
1598,THMA
1599,THMAU
1600,THMAW
1601,THMO
1602,THRM
1603,THRY
1604,THTX
1605,THWWW
1606,TIG
1607,TIGO
1608,TIGR
1609,TIL
1610,TILE
1611,TIOAU
1612,TIPT
1613,TIRX
1614,TITN
1615,TLC
1616,TLGT
1617,TLIS
1618,TLMD
1619,TLMDW
1620,TLND
1621,TLRY
1622,TLS
1623,TLSA
1624,TMCI
1625,TMDI
1626,TMDX
1627,TMKR
1628,TMKRU
1629,TMKRW
1630,TMPM
1631,TMPMU
1632,TMPMW
1633,TMTS
1634,TMTSU
1635,TMTSW
1636,TMUS
1637,TNDM
1638,TNXP
1639,TOMZ
1640,TOPS
1641,TOUR
1642,TOWN
1643,TPIC
1644,TPTX
1645,TRCH
1646,TREE
1647,TRHC
1648,TRIB
1649,TRIL
1650,TRIN
1651,TRIP
1652,TRIT
1653,TRITW
1654,TRKA
1655,TRKAW
1656,TRMB
1657,TRMD
1658,TRMK
1659,TRMT
1660,TRNS
1661,TROW
1662,TRS
1663,TRST
1664,TRUE
1665,TRUP
1666,TRVG
1667,TRVI
1668,TRVN
1669,TSBK
1670,TSC
1671,TSCAP
1672,TSCBP
1673,TSCO
1674,TSEM
1675,TSHA
1676,TSIA
1677,TSIAU
1678,TSIAW
1679,TSIB
1680,TSIBU
1681,TSIBW
1682,TSLA
1683,TSP
1684,TSRI
1685,TTCF
1686,TTD
1687,TTEC
1688,TTEK
1689,TTGT
1690,TTMI
1691,TTNP
1692,TTOO
1693,TTWO
1694,TUEM
1695,TUGCU
1696,TURN
1697,TUSK
1698,TVAC
1699,TVACU
1700,TVACW
1701,TVTX
1702,TVTY
1703,TW
1704,TWCT
1705,TWCTU
1706,TWCTW
1707,TWIN
1708,TWLV
1709,TWLVU
1710,TWLVW
1711,TWNK
1712,TWNKW
1713,TWOU
1714,TWST
1715,TXG
1716,TXMD
1717,TXN
1718,TXRH
1719,TYHT
1720,TYME
1721,TZOO
1722,TZPS
1723,TZPSU
1724,TZPSW
1725,UAL
1726,UBCP
1727,UBFO
1728,UBOH
1729,UBSI
1730,UBX
1731,UCBI
1732,UCBIO
1733,UCL
1734,UCTT
1735,UEIC
1736,UEPS
1737,UFCS
1738,UFPI
1739,UFPT
1740,UG
1741,UGRO
1742,UHAL
1743,UIHC
1744,UK
1745,UKOMW
1746,ULBI
1747,ULCC
1748,ULH
1749,ULTA
1750,UMBF
1751,UMPQ
1752,UNAM
1753,UNB
1754,UNIT
1755,UNTY
1756,UONE
1757,UONEK
1758,UPC
1759,UPLD
1760,UPST
1761,UPWK
1762,URBN
1763,URGN
1764,UROY
1765,USAK
1766,USAP
1767,USAU
1768,USCR
1769,USEG
1770,USIO
1771,USLM
1772,USWS
1773,USWSW
1774,UTHR
1775,UTMD
1776,UTME
1777,UTSI
1778,UVSP
1779,UXIN
1780,VABK
1781,VACC
1782,VACQ
1783,VACQU
1784,VACQW
1785,VALN
1786,VALU
1787,VAQC
1788,VBFC
1789,VBIV
1790,VBLT
1791,VBTX
1792,VC
1793,VCEL
1794,VCKAU
1795,VCNX
1796,VCTR
1797,VCVC
1798,VCVCU
1799,VCVCW
1800,VCYT
1801,VECO
1802,VECT
1803,VELO
1804,VELOU
1805,VELOW
1806,VENA
1807,VENAR
1808,VENAU
1809,VENAW
1810,VEON
1811,VERA
1812,VERB
1813,VERBW
1814,VERI
1815,VERO
1816,VERU
1817,VERX
1818,VERY
1819,VFF
1820,VG
1821,VIAC
1822,VIACA
1823,VIACP
1824,VIAV
1825,VICR
1826,VIEW
1827,VIEWW
1828,VIH
1829,VIHAU
1830,VIHAW
1831,VII
1832,VIIAU
1833,VIIAW
1834,VINC
1835,VINO
1836,VINP
1837,VIOT
1838,VIR
1839,VIRC
1840,VIRI
1841,VIRT
1842,VIRX
1843,VISL
1844,VITL
1845,VIVE
1846,VIVO
1847,VJET
1848,VKTX
1849,VLATU
1850,VLDR
1851,VLDRW
1852,VLGEA
1853,VLON
1854,VLY
1855,VLYPO
1856,VLYPP
1857,VMAC
1858,VMACU
1859,VMACW
1860,VMAR
1861,VMD
1862,VMEO
1863,VNDA
1864,VNET
1865,VNOM
1866,VOD
1867,VOR
1868,VOSO
1869,VOSOU
1870,VOSOW
1871,VOXX
1872,VPCB
1873,VPCBU
1874,VPCBW
1875,VRA
1876,VRAY
1877,VRCA
1878,VRDN
1879,VREX
1880,VRM
1881,VRME
1882,VRMEW
1883,VRNA
1884,VRNS
1885,VRNT
1886,VRPX
1887,VRRM
1888,VRSK
1889,VRSN
1890,VRTS
1891,VRTX
1892,VS
1893,VSAT
1894,VSEC
1895,VSSYW
1896,VSTA
1897,VSTM
1898,VTAQ
1899,VTAQR
1900,VTAQU
1901,VTAQW
1902,VTGN
1903,VTIQ
1904,VTIQU
1905,VTIQW
1906,VTNR
1907,VTRS
1908,VTRU
1909,VTSI
1910,VTVT
1911,VUZI
1912,VVOS
1913,VVPR
1914,VWTR
1915,VXRT
1916,VYGR
1917,VYNE
1918,VYNT
1919,WABC
1920,WAFD
1921,WAFDP
1922,WAFU
1923,WALDU
1924,WALDW
1925,WASH
1926,WATT
1927,WB
1928,WBA
1929,WDAY
1930,WDC
1931,WDFC
1932,WEN
1933,WERN
1934,WETF
1935,WEYS
1936,WFCF
1937,WFRD
1938,WHF
1939,WHFBZ
1940,WHLM
1941,WHLR
1942,WHLRD
1943,WHLRP
1944,WILC
1945,WIMI
1946,WINA
1947,WING
1948,WINT
1949,WIRE
1950,WISA
1951,WISH
1952,WIX
1953,WKEY
1954,WKHS
1955,WLDN
1956,WLFC
1957,WLTW
1958,WMG
1959,WMPN
1960,WNEB
1961,WNW
1962,WOOF
1963,WORX
1964,WPRT
1965,WRAP
1966,WRLD
1967,WSBC
1968,WSBCP
1969,WSBF
1970,WSC
1971,WSFS
1972,WSTG
1973,WTBA
1974,WTER
1975,WTFC
1976,WTFCM
1977,WTFCP
1978,WTRE
1979,WTREP
1980,WTRH
1981,WVE
1982,WVFC
1983,WVVI
1984,WVVIP
1985,WW
1986,WWD
1987,WYNN
1988,XAIR
1989,XBIO
1990,XBIOW
1991,XBIT
1992,XCUR
1993,XEL
1994,XELA
1995,XELB
1996,XENE
1997,XENT
1998,XERS
1999,XFOR
2000,XGN
2001,XLNX
2002,XLRN
2003,XM
2004,XNCR
2005,XNET
2006,XOG
2007,XOMA
2008,XOMAO
2009,XOMAP
2010,XONE
2011,XP
2012,XPDI
2013,XPDIU
2014,XPDIW
2015,XPEL
2016,XPER
2017,XRAY
2018,XSPA
2019,XTLB
2020,YELL
2021,YGMZ
2022,YI
2023,YJ
2024,YMAB
2025,YMTX
2026,YNDX
2027,YORW
2028,YQ
2029,YSAC
2030,YSACU
2031,YSACW
2032,YTEN
2033,YTRA
2034,YVR
2035,YY
2036,Z
2037,ZBRA
2038,ZCMD
2039,ZEAL
2040,ZEUS
2041,ZG
2042,ZGNX
2043,ZGYH
2044,ZGYHR
2045,ZGYHW
2046,ZI
2047,ZION
2048,ZIONL
2049,ZIONN
2050,ZIONO
2051,ZIONP
2052,ZIOP
2053,ZIVO
2054,ZIVOW
2055,ZIXI
2056,ZKIN
2057,ZLAB
2058,ZM
2059,ZNGA
2060,ZNTE
2061,ZNTEU
2062,ZNTEW
2063,ZNTL
2064,ZS
2065,ZSAN
2066,ZUMZ
2067,ZVO
2068,ZWRK
2069,ZWRKU
2070,ZWRKW
2071,ZY
2072,ZYNE
2073,ZYXI
